,train_score,validation_score,hyperparameters
0,0.9884216387038461,0.9638947740112994,"{'colsample_bytree': 0.6, 'gamma': 0.5, 'max_depth': 3, 'min_child_weight': 5, 'subsample': 0.6, 'use_label_encoder': False}"
1,0.9841050790945733,0.9633521311066799,"{'colsample_bytree': 0.6, 'gamma': 0.5, 'max_depth': 3, 'min_child_weight': 5, 'subsample': 0.8, 'use_label_encoder': False}"
2,0.9889518509581595,0.9651462279827185,"{'colsample_bytree': 0.6, 'gamma': 0.5, 'max_depth': 3, 'min_child_weight': 5, 'subsample': 1.0, 'use_label_encoder': False}"
3,0.9785543337068017,0.9587175972083749,"{'colsample_bytree': 0.6, 'gamma': 0.5, 'max_depth': 3, 'min_child_weight': 15, 'subsample': 0.6, 'use_label_encoder': False}"
4,0.9793361449539866,0.9608180666334332,"{'colsample_bytree': 0.6, 'gamma': 0.5, 'max_depth': 3, 'min_child_weight': 15, 'subsample': 0.8, 'use_label_encoder': False}"
5,0.9837344341724087,0.9611270355599867,"{'colsample_bytree': 0.6, 'gamma': 0.5, 'max_depth': 3, 'min_child_weight': 15, 'subsample': 1.0, 'use_label_encoder': False}"
6,0.9749357953252494,0.9586293203722166,"{'colsample_bytree': 0.6, 'gamma': 0.5, 'max_depth': 3, 'min_child_weight': 30, 'subsample': 0.6, 'use_label_encoder': False}"
7,0.9745690422892348,0.9571312105350616,"{'colsample_bytree': 0.6, 'gamma': 0.5, 'max_depth': 3, 'min_child_weight': 30, 'subsample': 0.8, 'use_label_encoder': False}"
8,0.979484952365603,0.9567962778331672,"{'colsample_bytree': 0.6, 'gamma': 0.5, 'max_depth': 3, 'min_child_weight': 30, 'subsample': 1.0, 'use_label_encoder': False}"
9,0.9867758287313687,0.9623707003988037,"{'colsample_bytree': 0.6, 'gamma': 0.5, 'max_depth': 4, 'min_child_weight': 5, 'subsample': 0.6, 'use_label_encoder': False}"
10,0.9855835379626021,0.9635442630442007,"{'colsample_bytree': 0.6, 'gamma': 0.5, 'max_depth': 4, 'min_child_weight': 5, 'subsample': 0.8, 'use_label_encoder': False}"
11,0.9894088041790615,0.9624408025922233,"{'colsample_bytree': 0.6, 'gamma': 0.5, 'max_depth': 4, 'min_child_weight': 5, 'subsample': 1.0, 'use_label_encoder': False}"
12,0.9857341768500539,0.9589980059820539,"{'colsample_bytree': 0.6, 'gamma': 0.5, 'max_depth': 4, 'min_child_weight': 15, 'subsample': 0.6, 'use_label_encoder': False}"
13,0.9825121529868396,0.962105869890329,"{'colsample_bytree': 0.6, 'gamma': 0.5, 'max_depth': 4, 'min_child_weight': 15, 'subsample': 0.8, 'use_label_encoder': False}"
14,0.9912128078768113,0.9594601611831174,"{'colsample_bytree': 0.6, 'gamma': 0.5, 'max_depth': 4, 'min_child_weight': 15, 'subsample': 1.0, 'use_label_encoder': False}"
15,0.9758073488883627,0.9543790503489532,"{'colsample_bytree': 0.6, 'gamma': 0.5, 'max_depth': 4, 'min_child_weight': 30, 'subsample': 0.6, 'use_label_encoder': False}"
16,0.9748861165432177,0.9553656738118976,"{'colsample_bytree': 0.6, 'gamma': 0.5, 'max_depth': 4, 'min_child_weight': 30, 'subsample': 0.8, 'use_label_encoder': False}"
17,0.9841268278701173,0.9571649634430043,"{'colsample_bytree': 0.6, 'gamma': 0.5, 'max_depth': 4, 'min_child_weight': 30, 'subsample': 1.0, 'use_label_encoder': False}"
18,0.9892618282432804,0.9607765245928881,"{'colsample_bytree': 0.6, 'gamma': 0.5, 'max_depth': 5, 'min_child_weight': 5, 'subsample': 0.6, 'use_label_encoder': False}"
19,0.9932622293364882,0.9633599202392821,"{'colsample_bytree': 0.6, 'gamma': 0.5, 'max_depth': 5, 'min_child_weight': 5, 'subsample': 0.8, 'use_label_encoder': False}"
20,0.9942837349836151,0.9610361623462944,"{'colsample_bytree': 0.6, 'gamma': 0.5, 'max_depth': 5, 'min_child_weight': 5, 'subsample': 1.0, 'use_label_encoder': False}"
21,0.9816353339306998,0.9590862828182121,"{'colsample_bytree': 0.6, 'gamma': 0.5, 'max_depth': 5, 'min_child_weight': 15, 'subsample': 0.6, 'use_label_encoder': False}"
22,0.9833404379333444,0.9617112205051512,"{'colsample_bytree': 0.6, 'gamma': 0.5, 'max_depth': 5, 'min_child_weight': 15, 'subsample': 0.8, 'use_label_encoder': False}"
23,0.9878493025053215,0.960288405616484,"{'colsample_bytree': 0.6, 'gamma': 0.5, 'max_depth': 5, 'min_child_weight': 15, 'subsample': 1.0, 'use_label_encoder': False}"
24,0.9762668203885384,0.9563289298770357,"{'colsample_bytree': 0.6, 'gamma': 0.5, 'max_depth': 5, 'min_child_weight': 30, 'subsample': 0.6, 'use_label_encoder': False}"
25,0.9821767639745039,0.9583592971086741,"{'colsample_bytree': 0.6, 'gamma': 0.5, 'max_depth': 5, 'min_child_weight': 30, 'subsample': 0.8, 'use_label_encoder': False}"
26,0.9858523070414292,0.9579620513459621,"{'colsample_bytree': 0.6, 'gamma': 0.5, 'max_depth': 5, 'min_child_weight': 30, 'subsample': 1.0, 'use_label_encoder': False}"
27,0.988402637142055,0.9656343469591226,"{'colsample_bytree': 0.6, 'gamma': 1, 'max_depth': 3, 'min_child_weight': 5, 'subsample': 0.6, 'use_label_encoder': False}"
28,0.9883108344158117,0.9642297067131937,"{'colsample_bytree': 0.6, 'gamma': 1, 'max_depth': 3, 'min_child_weight': 5, 'subsample': 0.8, 'use_label_encoder': False}"
29,0.9901363579546261,0.9643906821203058,"{'colsample_bytree': 0.6, 'gamma': 1, 'max_depth': 3, 'min_child_weight': 5, 'subsample': 1.0, 'use_label_encoder': False}"
30,0.9784068999020619,0.9588344341974078,"{'colsample_bytree': 0.6, 'gamma': 1, 'max_depth': 3, 'min_child_weight': 15, 'subsample': 0.6, 'use_label_encoder': False}"
31,0.9778018260729815,0.9611114572947822,"{'colsample_bytree': 0.6, 'gamma': 1, 'max_depth': 3, 'min_child_weight': 15, 'subsample': 0.8, 'use_label_encoder': False}"
32,0.9861274862856801,0.9601897432701895,"{'colsample_bytree': 0.6, 'gamma': 1, 'max_depth': 3, 'min_child_weight': 15, 'subsample': 1.0, 'use_label_encoder': False}"
33,0.9739873197770544,0.9563211407444334,"{'colsample_bytree': 0.6, 'gamma': 1, 'max_depth': 3, 'min_child_weight': 30, 'subsample': 0.6, 'use_label_encoder': False}"
34,0.9745690422892348,0.9571312105350616,"{'colsample_bytree': 0.6, 'gamma': 1, 'max_depth': 3, 'min_child_weight': 30, 'subsample': 0.8, 'use_label_encoder': False}"
35,0.9752773655685292,0.9575284562977734,"{'colsample_bytree': 0.6, 'gamma': 1, 'max_depth': 3, 'min_child_weight': 30, 'subsample': 1.0, 'use_label_encoder': False}"
36,0.993397758548299,0.9605714107676968,"{'colsample_bytree': 0.6, 'gamma': 1, 'max_depth': 4, 'min_child_weight': 5, 'subsample': 0.6, 'use_label_encoder': False}"
37,0.9952129800355397,0.9644581879361913,"{'colsample_bytree': 0.6, 'gamma': 1, 'max_depth': 4, 'min_child_weight': 5, 'subsample': 0.8, 'use_label_encoder': False}"
38,0.9955721782337338,0.9639467015619808,"{'colsample_bytree': 0.6, 'gamma': 1, 'max_depth': 4, 'min_child_weight': 5, 'subsample': 1.0, 'use_label_encoder': False}"
39,0.9845824074841428,0.9593796734795612,"{'colsample_bytree': 0.6, 'gamma': 1, 'max_depth': 4, 'min_child_weight': 15, 'subsample': 0.6, 'use_label_encoder': False}"
40,0.9845203662402229,0.9609245181123296,"{'colsample_bytree': 0.6, 'gamma': 1, 'max_depth': 4, 'min_child_weight': 15, 'subsample': 0.8, 'use_label_encoder': False}"
41,0.9877167494417434,0.9575648055832502,"{'colsample_bytree': 0.6, 'gamma': 1, 'max_depth': 4, 'min_child_weight': 15, 'subsample': 1.0, 'use_label_encoder': False}"
42,0.9769673598955326,0.9593121676636757,"{'colsample_bytree': 0.6, 'gamma': 1, 'max_depth': 4, 'min_child_weight': 30, 'subsample': 0.6, 'use_label_encoder': False}"
43,0.9750026441932372,0.9551683491193087,"{'colsample_bytree': 0.6, 'gamma': 1, 'max_depth': 4, 'min_child_weight': 30, 'subsample': 0.8, 'use_label_encoder': False}"
44,0.9830606799995055,0.9552384513127284,"{'colsample_bytree': 0.6, 'gamma': 1, 'max_depth': 4, 'min_child_weight': 30, 'subsample': 1.0, 'use_label_encoder': False}"
45,0.991336661430172,0.9636662927883017,"{'colsample_bytree': 0.6, 'gamma': 1, 'max_depth': 5, 'min_child_weight': 5, 'subsample': 0.6, 'use_label_encoder': False}"
46,0.9915033257311825,0.9616930458624127,"{'colsample_bytree': 0.6, 'gamma': 1, 'max_depth': 5, 'min_child_weight': 5, 'subsample': 0.8, 'use_label_encoder': False}"
47,0.9977035582370397,0.9635286847789963,"{'colsample_bytree': 0.6, 'gamma': 1, 'max_depth': 5, 'min_child_weight': 5, 'subsample': 1.0, 'use_label_encoder': False}"
48,0.9862966688659639,0.9557109920239283,"{'colsample_bytree': 0.6, 'gamma': 1, 'max_depth': 5, 'min_child_weight': 15, 'subsample': 0.6, 'use_label_encoder': False}"
49,0.9866073329545231,0.961300992854769,"{'colsample_bytree': 0.6, 'gamma': 1, 'max_depth': 5, 'min_child_weight': 15, 'subsample': 0.8, 'use_label_encoder': False}"
50,0.9814068573202488,0.9585747964440012,"{'colsample_bytree': 0.6, 'gamma': 1, 'max_depth': 5, 'min_child_weight': 15, 'subsample': 1.0, 'use_label_encoder': False}"
51,0.97764340341323,0.955298167996012,"{'colsample_bytree': 0.6, 'gamma': 1, 'max_depth': 5, 'min_child_weight': 30, 'subsample': 0.6, 'use_label_encoder': False}"
52,0.9779128592954954,0.9572376620139581,"{'colsample_bytree': 0.6, 'gamma': 1, 'max_depth': 5, 'min_child_weight': 30, 'subsample': 0.8, 'use_label_encoder': False}"
53,0.9857174646330569,0.9573363243602526,"{'colsample_bytree': 0.6, 'gamma': 1, 'max_depth': 5, 'min_child_weight': 30, 'subsample': 1.0, 'use_label_encoder': False}"
54,0.9878005394612073,0.9640271892655368,"{'colsample_bytree': 0.6, 'gamma': 1.5, 'max_depth': 3, 'min_child_weight': 5, 'subsample': 0.6, 'use_label_encoder': False}"
55,0.9897400723707677,0.9636948529411764,"{'colsample_bytree': 0.6, 'gamma': 1.5, 'max_depth': 3, 'min_child_weight': 5, 'subsample': 0.8, 'use_label_encoder': False}"
56,0.9901624564852789,0.9662886340977068,"{'colsample_bytree': 0.6, 'gamma': 1.5, 'max_depth': 3, 'min_child_weight': 5, 'subsample': 1.0, 'use_label_encoder': False}"
57,0.982501850935266,0.9592161016949152,"{'colsample_bytree': 0.6, 'gamma': 1.5, 'max_depth': 3, 'min_child_weight': 15, 'subsample': 0.6, 'use_label_encoder': False}"
58,0.9780117589906003,0.9612542580591558,"{'colsample_bytree': 0.6, 'gamma': 1.5, 'max_depth': 3, 'min_child_weight': 15, 'subsample': 0.8, 'use_label_encoder': False}"
59,0.9786784161946419,0.9576115403788634,"{'colsample_bytree': 0.6, 'gamma': 1.5, 'max_depth': 3, 'min_child_weight': 15, 'subsample': 1.0, 'use_label_encoder': False}"
60,0.9741464292402443,0.957068897474244,"{'colsample_bytree': 0.6, 'gamma': 1.5, 'max_depth': 3, 'min_child_weight': 30, 'subsample': 0.6, 'use_label_encoder': False}"
61,0.9792035918904081,0.9594549684280491,"{'colsample_bytree': 0.6, 'gamma': 1.5, 'max_depth': 3, 'min_child_weight': 30, 'subsample': 0.8, 'use_label_encoder': False}"
62,0.9771310480483106,0.9579257020604852,"{'colsample_bytree': 0.6, 'gamma': 1.5, 'max_depth': 3, 'min_child_weight': 30, 'subsample': 1.0, 'use_label_encoder': False}"
63,0.990172071733414,0.9622668452974409,"{'colsample_bytree': 0.6, 'gamma': 1.5, 'max_depth': 4, 'min_child_weight': 5, 'subsample': 0.6, 'use_label_encoder': False}"
64,0.9908600198440408,0.9648580300764374,"{'colsample_bytree': 0.6, 'gamma': 1.5, 'max_depth': 4, 'min_child_weight': 5, 'subsample': 0.8, 'use_label_encoder': False}"
65,0.994407130668017,0.9646035850780991,"{'colsample_bytree': 0.6, 'gamma': 1.5, 'max_depth': 4, 'min_child_weight': 5, 'subsample': 1.0, 'use_label_encoder': False}"
66,0.9847273230096093,0.9586656696576936,"{'colsample_bytree': 0.6, 'gamma': 1.5, 'max_depth': 4, 'min_child_weight': 15, 'subsample': 0.6, 'use_label_encoder': False}"
67,0.9878944025977653,0.9624719591226322,"{'colsample_bytree': 0.6, 'gamma': 1.5, 'max_depth': 4, 'min_child_weight': 15, 'subsample': 0.8, 'use_label_encoder': False}"
68,0.9888499751148222,0.9593459205716185,"{'colsample_bytree': 0.6, 'gamma': 1.5, 'max_depth': 4, 'min_child_weight': 15, 'subsample': 1.0, 'use_label_encoder': False}"
69,0.976555277832595,0.9581489905284147,"{'colsample_bytree': 0.6, 'gamma': 1.5, 'max_depth': 4, 'min_child_weight': 30, 'subsample': 0.6, 'use_label_encoder': False}"
70,0.9812486635949764,0.9559135094715854,"{'colsample_bytree': 0.6, 'gamma': 1.5, 'max_depth': 4, 'min_child_weight': 30, 'subsample': 0.8, 'use_label_encoder': False}"
71,0.9836998650660178,0.9568611872715188,"{'colsample_bytree': 0.6, 'gamma': 1.5, 'max_depth': 4, 'min_child_weight': 30, 'subsample': 1.0, 'use_label_encoder': False}"
72,0.9958812397809372,0.9636974493187105,"{'colsample_bytree': 0.6, 'gamma': 1.5, 'max_depth': 5, 'min_child_weight': 5, 'subsample': 0.6, 'use_label_encoder': False}"
73,0.9939341520335563,0.9650865112994351,"{'colsample_bytree': 0.6, 'gamma': 1.5, 'max_depth': 5, 'min_child_weight': 5, 'subsample': 0.8, 'use_label_encoder': False}"
74,0.9949082682434452,0.9609920239282154,"{'colsample_bytree': 0.6, 'gamma': 1.5, 'max_depth': 5, 'min_child_weight': 5, 'subsample': 1.0, 'use_label_encoder': False}"
75,0.9815973308071176,0.9562354602858091,"{'colsample_bytree': 0.6, 'gamma': 1.5, 'max_depth': 5, 'min_child_weight': 15, 'subsample': 0.6, 'use_label_encoder': False}"
76,0.9872597962208411,0.9609323072449318,"{'colsample_bytree': 0.6, 'gamma': 1.5, 'max_depth': 5, 'min_child_weight': 15, 'subsample': 0.8, 'use_label_encoder': False}"
77,0.9926058741840204,0.9595977691924228,"{'colsample_bytree': 0.6, 'gamma': 1.5, 'max_depth': 5, 'min_child_weight': 15, 'subsample': 1.0, 'use_label_encoder': False}"
78,0.9773595246587616,0.9557862869724161,"{'colsample_bytree': 0.6, 'gamma': 1.5, 'max_depth': 5, 'min_child_weight': 30, 'subsample': 0.6, 'use_label_encoder': False}"
79,0.9792592229689048,0.9579542622133599,"{'colsample_bytree': 0.6, 'gamma': 1.5, 'max_depth': 5, 'min_child_weight': 30, 'subsample': 0.8, 'use_label_encoder': False}"
80,0.982963840714715,0.9577179918577601,"{'colsample_bytree': 0.6, 'gamma': 1.5, 'max_depth': 5, 'min_child_weight': 30, 'subsample': 1.0, 'use_label_encoder': False}"
81,0.9875867146574385,0.9638454428381522,"{'colsample_bytree': 0.6, 'gamma': 2, 'max_depth': 3, 'min_child_weight': 5, 'subsample': 0.6, 'use_label_encoder': False}"
82,0.9882977851504855,0.9649930417082087,"{'colsample_bytree': 0.6, 'gamma': 2, 'max_depth': 3, 'min_child_weight': 5, 'subsample': 0.8, 'use_label_encoder': False}"
83,0.987849531439801,0.9649437105350614,"{'colsample_bytree': 0.6, 'gamma': 2, 'max_depth': 3, 'min_child_weight': 5, 'subsample': 1.0, 'use_label_encoder': False}"
84,0.9821312060131016,0.9584423811897641,"{'colsample_bytree': 0.6, 'gamma': 2, 'max_depth': 3, 'min_child_weight': 15, 'subsample': 0.6, 'use_label_encoder': False}"
85,0.9799352664866021,0.9619812437686938,"{'colsample_bytree': 0.6, 'gamma': 2, 'max_depth': 3, 'min_child_weight': 15, 'subsample': 0.8, 'use_label_encoder': False}"
86,0.9823182454827795,0.9577854976736457,"{'colsample_bytree': 0.6, 'gamma': 2, 'max_depth': 3, 'min_child_weight': 15, 'subsample': 1.0, 'use_label_encoder': False}"
87,0.9727121547267416,0.9565574111000332,"{'colsample_bytree': 0.6, 'gamma': 2, 'max_depth': 3, 'min_child_weight': 30, 'subsample': 0.6, 'use_label_encoder': False}"
88,0.9792445711622224,0.959122632103689,"{'colsample_bytree': 0.6, 'gamma': 2, 'max_depth': 3, 'min_child_weight': 30, 'subsample': 0.8, 'use_label_encoder': False}"
89,0.9740125025697894,0.9583852608840145,"{'colsample_bytree': 0.6, 'gamma': 2, 'max_depth': 3, 'min_child_weight': 30, 'subsample': 1.0, 'use_label_encoder': False}"
90,0.9924657662826215,0.9637312022266534,"{'colsample_bytree': 0.6, 'gamma': 2, 'max_depth': 4, 'min_child_weight': 5, 'subsample': 0.6, 'use_label_encoder': False}"
91,0.9865624617965588,0.9647463858424725,"{'colsample_bytree': 0.6, 'gamma': 2, 'max_depth': 4, 'min_child_weight': 5, 'subsample': 0.8, 'use_label_encoder': False}"
92,0.9900003708738567,0.9622382851445663,"{'colsample_bytree': 0.6, 'gamma': 2, 'max_depth': 4, 'min_child_weight': 5, 'subsample': 1.0, 'use_label_encoder': False}"
93,0.9851492492551617,0.9586345131272849,"{'colsample_bytree': 0.6, 'gamma': 2, 'max_depth': 4, 'min_child_weight': 15, 'subsample': 0.6, 'use_label_encoder': False}"
94,0.9825915932511947,0.9603611041874377,"{'colsample_bytree': 0.6, 'gamma': 2, 'max_depth': 4, 'min_child_weight': 15, 'subsample': 0.8, 'use_label_encoder': False}"
95,0.9894461204992053,0.9601248338318379,"{'colsample_bytree': 0.6, 'gamma': 2, 'max_depth': 4, 'min_child_weight': 15, 'subsample': 1.0, 'use_label_encoder': False}"
96,0.9756523602458024,0.9572142946161515,"{'colsample_bytree': 0.6, 'gamma': 2, 'max_depth': 4, 'min_child_weight': 30, 'subsample': 0.6, 'use_label_encoder': False}"
97,0.9803631450286191,0.9557655159521434,"{'colsample_bytree': 0.6, 'gamma': 2, 'max_depth': 4, 'min_child_weight': 30, 'subsample': 0.8, 'use_label_encoder': False}"
98,0.9820364271386256,0.9580555209371884,"{'colsample_bytree': 0.6, 'gamma': 2, 'max_depth': 4, 'min_child_weight': 30, 'subsample': 1.0, 'use_label_encoder': False}"
99,0.9898739990412224,0.963152210036557,"{'colsample_bytree': 0.6, 'gamma': 2, 'max_depth': 5, 'min_child_weight': 5, 'subsample': 0.6, 'use_label_encoder': False}"
100,0.9936720220546319,0.9636013833499503,"{'colsample_bytree': 0.6, 'gamma': 2, 'max_depth': 5, 'min_child_weight': 5, 'subsample': 0.8, 'use_label_encoder': False}"
101,0.9959581617660189,0.9654474077766699,"{'colsample_bytree': 0.6, 'gamma': 2, 'max_depth': 5, 'min_child_weight': 5, 'subsample': 1.0, 'use_label_encoder': False}"
102,0.9867428621663339,0.9603585078099036,"{'colsample_bytree': 0.6, 'gamma': 2, 'max_depth': 5, 'min_child_weight': 15, 'subsample': 0.6, 'use_label_encoder': False}"
103,0.9824253868191432,0.9618566176470589,"{'colsample_bytree': 0.6, 'gamma': 2, 'max_depth': 5, 'min_child_weight': 15, 'subsample': 0.8, 'use_label_encoder': False}"
104,0.9912203627146319,0.9618020937188435,"{'colsample_bytree': 0.6, 'gamma': 2, 'max_depth': 5, 'min_child_weight': 15, 'subsample': 1.0, 'use_label_encoder': False}"
105,0.976708892868279,0.9559264913592556,"{'colsample_bytree': 0.6, 'gamma': 2, 'max_depth': 5, 'min_child_weight': 30, 'subsample': 0.6, 'use_label_encoder': False}"
106,0.9783155550447773,0.9583644898637421,"{'colsample_bytree': 0.6, 'gamma': 2, 'max_depth': 5, 'min_child_weight': 30, 'subsample': 0.8, 'use_label_encoder': False}"
107,0.9789471852734691,0.9559862080425391,"{'colsample_bytree': 0.6, 'gamma': 2, 'max_depth': 5, 'min_child_weight': 30, 'subsample': 1.0, 'use_label_encoder': False}"
108,0.981732631084449,0.9639518943170489,"{'colsample_bytree': 0.6, 'gamma': 5, 'max_depth': 3, 'min_child_weight': 5, 'subsample': 0.6, 'use_label_encoder': False}"
109,0.9805982607389732,0.9626381272848122,"{'colsample_bytree': 0.6, 'gamma': 5, 'max_depth': 3, 'min_child_weight': 5, 'subsample': 0.8, 'use_label_encoder': False}"
110,0.9796224275204884,0.9603533150548355,"{'colsample_bytree': 0.6, 'gamma': 5, 'max_depth': 3, 'min_child_weight': 5, 'subsample': 1.0, 'use_label_encoder': False}"
111,0.9757173776379549,0.9594497756729812,"{'colsample_bytree': 0.6, 'gamma': 5, 'max_depth': 3, 'min_child_weight': 15, 'subsample': 0.6, 'use_label_encoder': False}"
112,0.9747714203690333,0.961781322698571,"{'colsample_bytree': 0.6, 'gamma': 5, 'max_depth': 3, 'min_child_weight': 15, 'subsample': 0.8, 'use_label_encoder': False}"
113,0.9758759147649462,0.9569442713526088,"{'colsample_bytree': 0.6, 'gamma': 5, 'max_depth': 3, 'min_child_weight': 15, 'subsample': 1.0, 'use_label_encoder': False}"
114,0.9693864235443544,0.9535456131605183,"{'colsample_bytree': 0.6, 'gamma': 5, 'max_depth': 3, 'min_child_weight': 30, 'subsample': 0.6, 'use_label_encoder': False}"
115,0.9726148575729923,0.9567313683948155,"{'colsample_bytree': 0.6, 'gamma': 5, 'max_depth': 3, 'min_child_weight': 30, 'subsample': 0.8, 'use_label_encoder': False}"
116,0.9724992456608902,0.9565833748753738,"{'colsample_bytree': 0.6, 'gamma': 5, 'max_depth': 3, 'min_child_weight': 30, 'subsample': 1.0, 'use_label_encoder': False}"
117,0.9855137129463821,0.9636377326354271,"{'colsample_bytree': 0.6, 'gamma': 5, 'max_depth': 4, 'min_child_weight': 5, 'subsample': 0.6, 'use_label_encoder': False}"
118,0.9845002200060347,0.9632015412097042,"{'colsample_bytree': 0.6, 'gamma': 5, 'max_depth': 4, 'min_child_weight': 5, 'subsample': 0.8, 'use_label_encoder': False}"
119,0.9864168594676541,0.9613684986706548,"{'colsample_bytree': 0.6, 'gamma': 5, 'max_depth': 4, 'min_child_weight': 5, 'subsample': 1.0, 'use_label_encoder': False}"
120,0.9773920333548378,0.9604935194416749,"{'colsample_bytree': 0.6, 'gamma': 5, 'max_depth': 4, 'min_child_weight': 15, 'subsample': 0.6, 'use_label_encoder': False}"
121,0.9796003353432254,0.9602027251578598,"{'colsample_bytree': 0.6, 'gamma': 5, 'max_depth': 4, 'min_child_weight': 15, 'subsample': 0.8, 'use_label_encoder': False}"
122,0.9821726431538746,0.9570221626786307,"{'colsample_bytree': 0.6, 'gamma': 5, 'max_depth': 4, 'min_child_weight': 15, 'subsample': 1.0, 'use_label_encoder': False}"
123,0.9711203732914049,0.9566197241608507,"{'colsample_bytree': 0.6, 'gamma': 5, 'max_depth': 4, 'min_child_weight': 30, 'subsample': 0.6, 'use_label_encoder': False}"
124,0.9750140909172077,0.9561367979395148,"{'colsample_bytree': 0.6, 'gamma': 5, 'max_depth': 4, 'min_child_weight': 30, 'subsample': 0.8, 'use_label_encoder': False}"
125,0.9758565698014361,0.9562328639082752,"{'colsample_bytree': 0.6, 'gamma': 5, 'max_depth': 4, 'min_child_weight': 30, 'subsample': 1.0, 'use_label_encoder': False}"
126,0.9875287942341479,0.9623603148886674,"{'colsample_bytree': 0.6, 'gamma': 5, 'max_depth': 5, 'min_child_weight': 5, 'subsample': 0.6, 'use_label_encoder': False}"
127,0.9864660803807273,0.9646425307411101,"{'colsample_bytree': 0.6, 'gamma': 5, 'max_depth': 5, 'min_child_weight': 5, 'subsample': 0.8, 'use_label_encoder': False}"
128,0.9876405142600998,0.9620435568295114,"{'colsample_bytree': 0.6, 'gamma': 5, 'max_depth': 5, 'min_child_weight': 5, 'subsample': 1.0, 'use_label_encoder': False}"
129,0.97878395498965,0.9576608715520107,"{'colsample_bytree': 0.6, 'gamma': 5, 'max_depth': 5, 'min_child_weight': 15, 'subsample': 0.6, 'use_label_encoder': False}"
130,0.9829420919391713,0.9612698363243601,"{'colsample_bytree': 0.6, 'gamma': 5, 'max_depth': 5, 'min_child_weight': 15, 'subsample': 0.8, 'use_label_encoder': False}"
131,0.9792974550269662,0.9576076458125623,"{'colsample_bytree': 0.6, 'gamma': 5, 'max_depth': 5, 'min_child_weight': 15, 'subsample': 1.0, 'use_label_encoder': False}"
132,0.9715851102846069,0.9557265702891328,"{'colsample_bytree': 0.6, 'gamma': 5, 'max_depth': 5, 'min_child_weight': 30, 'subsample': 0.6, 'use_label_encoder': False}"
133,0.9757633934683161,0.9568066633433034,"{'colsample_bytree': 0.6, 'gamma': 5, 'max_depth': 5, 'min_child_weight': 30, 'subsample': 0.8, 'use_label_encoder': False}"
134,0.9785206803383286,0.9563211407444333,"{'colsample_bytree': 0.6, 'gamma': 5, 'max_depth': 5, 'min_child_weight': 30, 'subsample': 1.0, 'use_label_encoder': False}"
135,0.9886057020252919,0.9637286058491193,"{'colsample_bytree': 0.8, 'gamma': 0.5, 'max_depth': 3, 'min_child_weight': 5, 'subsample': 0.6, 'use_label_encoder': False}"
136,0.9904673972118528,0.9654889498172151,"{'colsample_bytree': 0.8, 'gamma': 0.5, 'max_depth': 3, 'min_child_weight': 5, 'subsample': 0.8, 'use_label_encoder': False}"
137,0.9919318910766376,0.9675504735792622,"{'colsample_bytree': 0.8, 'gamma': 0.5, 'max_depth': 3, 'min_child_weight': 5, 'subsample': 1.0, 'use_label_encoder': False}"
138,0.9806859426445871,0.9604441882685276,"{'colsample_bytree': 0.8, 'gamma': 0.5, 'max_depth': 3, 'min_child_weight': 15, 'subsample': 0.6, 'use_label_encoder': False}"
139,0.980755767660807,0.962430417082087,"{'colsample_bytree': 0.8, 'gamma': 0.5, 'max_depth': 3, 'min_child_weight': 15, 'subsample': 0.8, 'use_label_encoder': False}"
140,0.9861242812029681,0.9598080757726819,"{'colsample_bytree': 0.8, 'gamma': 0.5, 'max_depth': 3, 'min_child_weight': 15, 'subsample': 1.0, 'use_label_encoder': False}"
141,0.9714273744282933,0.9558460036556996,"{'colsample_bytree': 0.8, 'gamma': 0.5, 'max_depth': 3, 'min_child_weight': 30, 'subsample': 0.6, 'use_label_encoder': False}"
142,0.9792287746831433,0.9586448986374211,"{'colsample_bytree': 0.8, 'gamma': 0.5, 'max_depth': 3, 'min_child_weight': 30, 'subsample': 0.8, 'use_label_encoder': False}"
143,0.9810627687976956,0.9578400216018612,"{'colsample_bytree': 0.8, 'gamma': 0.5, 'max_depth': 3, 'min_child_weight': 30, 'subsample': 1.0, 'use_label_encoder': False}"
144,0.9858337633485972,0.9616047690262547,"{'colsample_bytree': 0.8, 'gamma': 0.5, 'max_depth': 4, 'min_child_weight': 5, 'subsample': 0.6, 'use_label_encoder': False}"
145,0.992130377270286,0.9661120804253905,"{'colsample_bytree': 0.8, 'gamma': 0.5, 'max_depth': 4, 'min_child_weight': 5, 'subsample': 0.8, 'use_label_encoder': False}"
146,0.9963182757021306,0.9671947698570954,"{'colsample_bytree': 0.8, 'gamma': 0.5, 'max_depth': 4, 'min_child_weight': 5, 'subsample': 1.0, 'use_label_encoder': False}"
147,0.9878289273366541,0.9618877741774675,"{'colsample_bytree': 0.8, 'gamma': 0.5, 'max_depth': 4, 'min_child_weight': 15, 'subsample': 0.6, 'use_label_encoder': False}"
148,0.9820307037766406,0.9631418245264207,"{'colsample_bytree': 0.8, 'gamma': 0.5, 'max_depth': 4, 'min_child_weight': 15, 'subsample': 0.8, 'use_label_encoder': False}"
149,0.9850192144708568,0.9594393901628447,"{'colsample_bytree': 0.8, 'gamma': 0.5, 'max_depth': 4, 'min_child_weight': 15, 'subsample': 1.0, 'use_label_encoder': False}"
150,0.9748270514475299,0.9587098080757727,"{'colsample_bytree': 0.8, 'gamma': 0.5, 'max_depth': 4, 'min_child_weight': 30, 'subsample': 0.6, 'use_label_encoder': False}"
151,0.9784538314703408,0.9563133516118312,"{'colsample_bytree': 0.8, 'gamma': 0.5, 'max_depth': 4, 'min_child_weight': 30, 'subsample': 0.8, 'use_label_encoder': False}"
152,0.9822012599638009,0.9580503281821203,"{'colsample_bytree': 0.8, 'gamma': 0.5, 'max_depth': 4, 'min_child_weight': 30, 'subsample': 1.0, 'use_label_encoder': False}"
153,0.9913780985709452,0.9649826561980726,"{'colsample_bytree': 0.8, 'gamma': 0.5, 'max_depth': 5, 'min_child_weight': 5, 'subsample': 0.6, 'use_label_encoder': False}"
154,0.9926177787769496,0.9675894192422733,"{'colsample_bytree': 0.8, 'gamma': 0.5, 'max_depth': 5, 'min_child_weight': 5, 'subsample': 0.8, 'use_label_encoder': False}"
155,0.9919231915664201,0.9676075938850116,"{'colsample_bytree': 0.8, 'gamma': 0.5, 'max_depth': 5, 'min_child_weight': 5, 'subsample': 1.0, 'use_label_encoder': False}"
156,0.9861128344789978,0.9581749543037553,"{'colsample_bytree': 0.8, 'gamma': 0.5, 'max_depth': 5, 'min_child_weight': 15, 'subsample': 0.6, 'use_label_encoder': False}"
157,0.9865109515386916,0.9631340353938186,"{'colsample_bytree': 0.8, 'gamma': 0.5, 'max_depth': 5, 'min_child_weight': 15, 'subsample': 0.8, 'use_label_encoder': False}"
158,0.9846620766829773,0.9604156281156531,"{'colsample_bytree': 0.8, 'gamma': 0.5, 'max_depth': 5, 'min_child_weight': 15, 'subsample': 1.0, 'use_label_encoder': False}"
159,0.9776106657826743,0.957762130275839,"{'colsample_bytree': 0.8, 'gamma': 0.5, 'max_depth': 5, 'min_child_weight': 30, 'subsample': 0.6, 'use_label_encoder': False}"
160,0.9764087597657726,0.958320351445663,"{'colsample_bytree': 0.8, 'gamma': 0.5, 'max_depth': 5, 'min_child_weight': 30, 'subsample': 0.8, 'use_label_encoder': False}"
161,0.9869779778766877,0.9570766866068462,"{'colsample_bytree': 0.8, 'gamma': 0.5, 'max_depth': 5, 'min_child_weight': 30, 'subsample': 1.0, 'use_label_encoder': False}"
162,0.9852682951844548,0.9642245139581257,"{'colsample_bytree': 0.8, 'gamma': 1, 'max_depth': 3, 'min_child_weight': 5, 'subsample': 0.6, 'use_label_encoder': False}"
163,0.9835718906920278,0.9632301013625789,"{'colsample_bytree': 0.8, 'gamma': 1, 'max_depth': 3, 'min_child_weight': 5, 'subsample': 0.8, 'use_label_encoder': False}"
164,0.9907114413669036,0.967667310568295,"{'colsample_bytree': 0.8, 'gamma': 1, 'max_depth': 3, 'min_child_weight': 5, 'subsample': 1.0, 'use_label_encoder': False}"
165,0.9753595530466371,0.9604000498504487,"{'colsample_bytree': 0.8, 'gamma': 1, 'max_depth': 3, 'min_child_weight': 15, 'subsample': 0.6, 'use_label_encoder': False}"
166,0.9861506086681006,0.9616904494848786,"{'colsample_bytree': 0.8, 'gamma': 1, 'max_depth': 3, 'min_child_weight': 15, 'subsample': 0.8, 'use_label_encoder': False}"
167,0.9869090685983852,0.9599794366899304,"{'colsample_bytree': 0.8, 'gamma': 1, 'max_depth': 3, 'min_child_weight': 15, 'subsample': 1.0, 'use_label_encoder': False}"
168,0.9742693670556873,0.956866380026587,"{'colsample_bytree': 0.8, 'gamma': 1, 'max_depth': 3, 'min_child_weight': 30, 'subsample': 0.6, 'use_label_encoder': False}"
169,0.979661002980269,0.9581100448654037,"{'colsample_bytree': 0.8, 'gamma': 1, 'max_depth': 3, 'min_child_weight': 30, 'subsample': 0.8, 'use_label_encoder': False}"
170,0.9717018668691058,0.9541557618810236,"{'colsample_bytree': 0.8, 'gamma': 1, 'max_depth': 3, 'min_child_weight': 30, 'subsample': 1.0, 'use_label_encoder': False}"
171,0.9900193724356476,0.9641959538052509,"{'colsample_bytree': 0.8, 'gamma': 1, 'max_depth': 4, 'min_child_weight': 5, 'subsample': 0.6, 'use_label_encoder': False}"
172,0.9929691932028438,0.9647048438019276,"{'colsample_bytree': 0.8, 'gamma': 1, 'max_depth': 4, 'min_child_weight': 5, 'subsample': 0.8, 'use_label_encoder': False}"
173,0.9959361840559955,0.9666910726154869,"{'colsample_bytree': 0.8, 'gamma': 1, 'max_depth': 4, 'min_child_weight': 5, 'subsample': 1.0, 'use_label_encoder': False}"
174,0.9845450911639991,0.9577179918577601,"{'colsample_bytree': 0.8, 'gamma': 1, 'max_depth': 4, 'min_child_weight': 15, 'subsample': 0.6, 'use_label_encoder': False}"
175,0.9835792165953688,0.9633806912595546,"{'colsample_bytree': 0.8, 'gamma': 1, 'max_depth': 4, 'min_child_weight': 15, 'subsample': 0.8, 'use_label_encoder': False}"
176,0.989449325581917,0.9607271934197407,"{'colsample_bytree': 0.8, 'gamma': 1, 'max_depth': 4, 'min_child_weight': 15, 'subsample': 1.0, 'use_label_encoder': False}"
177,0.9767450645160256,0.9603221585244267,"{'colsample_bytree': 0.8, 'gamma': 1, 'max_depth': 4, 'min_child_weight': 30, 'subsample': 0.6, 'use_label_encoder': False}"
178,0.9783496662822094,0.9569987952808242,"{'colsample_bytree': 0.8, 'gamma': 1, 'max_depth': 4, 'min_child_weight': 30, 'subsample': 0.8, 'use_label_encoder': False}"
179,0.9820950343653547,0.9588785726154869,"{'colsample_bytree': 0.8, 'gamma': 1, 'max_depth': 4, 'min_child_weight': 30, 'subsample': 1.0, 'use_label_encoder': False}"
180,0.9878964630080801,0.9651851736457295,"{'colsample_bytree': 0.8, 'gamma': 1, 'max_depth': 5, 'min_child_weight': 5, 'subsample': 0.6, 'use_label_encoder': False}"
181,0.9927162206030958,0.9671272640412096,"{'colsample_bytree': 0.8, 'gamma': 1, 'max_depth': 5, 'min_child_weight': 5, 'subsample': 0.8, 'use_label_encoder': False}"
182,0.9919197575492289,0.9641725864074444,"{'colsample_bytree': 0.8, 'gamma': 1, 'max_depth': 5, 'min_child_weight': 5, 'subsample': 1.0, 'use_label_encoder': False}"
183,0.9831224923089462,0.9589123255234298,"{'colsample_bytree': 0.8, 'gamma': 1, 'max_depth': 5, 'min_child_weight': 15, 'subsample': 0.6, 'use_label_encoder': False}"
184,0.9904165737574239,0.9628354519774011,"{'colsample_bytree': 0.8, 'gamma': 1, 'max_depth': 5, 'min_child_weight': 15, 'subsample': 0.8, 'use_label_encoder': False}"
185,0.9855647653352906,0.9601300265869059,"{'colsample_bytree': 0.8, 'gamma': 1, 'max_depth': 5, 'min_child_weight': 15, 'subsample': 1.0, 'use_label_encoder': False}"
186,0.9757363791997459,0.9569390785975407,"{'colsample_bytree': 0.8, 'gamma': 1, 'max_depth': 5, 'min_child_weight': 30, 'subsample': 0.6, 'use_label_encoder': False}"
187,0.9764087597657726,0.958320351445663,"{'colsample_bytree': 0.8, 'gamma': 1, 'max_depth': 5, 'min_child_weight': 30, 'subsample': 0.8, 'use_label_encoder': False}"
188,0.9865393394141383,0.9581697615486873,"{'colsample_bytree': 0.8, 'gamma': 1, 'max_depth': 5, 'min_child_weight': 30, 'subsample': 1.0, 'use_label_encoder': False}"
189,0.9877039291108963,0.9669013791957461,"{'colsample_bytree': 0.8, 'gamma': 1.5, 'max_depth': 3, 'min_child_weight': 5, 'subsample': 0.6, 'use_label_encoder': False}"
190,0.9845588272327636,0.9636922565636424,"{'colsample_bytree': 0.8, 'gamma': 1.5, 'max_depth': 3, 'min_child_weight': 5, 'subsample': 0.8, 'use_label_encoder': False}"
191,0.989691423793893,0.9667274219009637,"{'colsample_bytree': 0.8, 'gamma': 1.5, 'max_depth': 3, 'min_child_weight': 5, 'subsample': 1.0, 'use_label_encoder': False}"
192,0.9829874209660945,0.9606389165835826,"{'colsample_bytree': 0.8, 'gamma': 1.5, 'max_depth': 3, 'min_child_weight': 15, 'subsample': 0.6, 'use_label_encoder': False}"
193,0.984524487060852,0.9612542580591559,"{'colsample_bytree': 0.8, 'gamma': 1.5, 'max_depth': 3, 'min_child_weight': 15, 'subsample': 0.8, 'use_label_encoder': False}"
194,0.9849068076414667,0.9613529204054503,"{'colsample_bytree': 0.8, 'gamma': 1.5, 'max_depth': 3, 'min_child_weight': 15, 'subsample': 1.0, 'use_label_encoder': False}"
195,0.9745420280206645,0.9581749543037554,"{'colsample_bytree': 0.8, 'gamma': 1.5, 'max_depth': 3, 'min_child_weight': 30, 'subsample': 0.6, 'use_label_encoder': False}"
196,0.9773396073590531,0.9575362454303755,"{'colsample_bytree': 0.8, 'gamma': 1.5, 'max_depth': 3, 'min_child_weight': 30, 'subsample': 0.8, 'use_label_encoder': False}"
197,0.9717018668691058,0.9541557618810236,"{'colsample_bytree': 0.8, 'gamma': 1.5, 'max_depth': 3, 'min_child_weight': 30, 'subsample': 1.0, 'use_label_encoder': False}"
198,0.9903311811966038,0.9622045322366235,"{'colsample_bytree': 0.8, 'gamma': 1.5, 'max_depth': 4, 'min_child_weight': 5, 'subsample': 0.6, 'use_label_encoder': False}"
199,0.9922757506647112,0.9660238035892323,"{'colsample_bytree': 0.8, 'gamma': 1.5, 'max_depth': 4, 'min_child_weight': 5, 'subsample': 0.8, 'use_label_encoder': False}"
200,0.9863955685610689,0.9649385177799934,"{'colsample_bytree': 0.8, 'gamma': 1.5, 'max_depth': 4, 'min_child_weight': 5, 'subsample': 1.0, 'use_label_encoder': False}"
201,0.9859605930501902,0.9609920239282154,"{'colsample_bytree': 0.8, 'gamma': 1.5, 'max_depth': 4, 'min_child_weight': 15, 'subsample': 0.6, 'use_label_encoder': False}"
202,0.9836222562774979,0.9646814764041209,"{'colsample_bytree': 0.8, 'gamma': 1.5, 'max_depth': 4, 'min_child_weight': 15, 'subsample': 0.8, 'use_label_encoder': False}"
203,0.9867891069311745,0.962022785809239,"{'colsample_bytree': 0.8, 'gamma': 1.5, 'max_depth': 4, 'min_child_weight': 15, 'subsample': 1.0, 'use_label_encoder': False}"
204,0.97705756008042,0.9600651171485544,"{'colsample_bytree': 0.8, 'gamma': 1.5, 'max_depth': 4, 'min_child_weight': 30, 'subsample': 0.6, 'use_label_encoder': False}"
205,0.9787267213697974,0.9582372673645729,"{'colsample_bytree': 0.8, 'gamma': 1.5, 'max_depth': 4, 'min_child_weight': 30, 'subsample': 0.8, 'use_label_encoder': False}"
206,0.9842602966716133,0.9573674808906614,"{'colsample_bytree': 0.8, 'gamma': 1.5, 'max_depth': 4, 'min_child_weight': 30, 'subsample': 1.0, 'use_label_encoder': False}"
207,0.9938164797111396,0.9631833665669658,"{'colsample_bytree': 0.8, 'gamma': 1.5, 'max_depth': 5, 'min_child_weight': 5, 'subsample': 0.6, 'use_label_encoder': False}"
208,0.9918371122021619,0.967623172150216,"{'colsample_bytree': 0.8, 'gamma': 1.5, 'max_depth': 5, 'min_child_weight': 5, 'subsample': 0.8, 'use_label_encoder': False}"
209,0.9937642826498343,0.9681736041874377,"{'colsample_bytree': 0.8, 'gamma': 1.5, 'max_depth': 5, 'min_child_weight': 5, 'subsample': 1.0, 'use_label_encoder': False}"
210,0.9853619293865333,0.9603169657693585,"{'colsample_bytree': 0.8, 'gamma': 1.5, 'max_depth': 5, 'min_child_weight': 15, 'subsample': 0.6, 'use_label_encoder': False}"
211,0.9874225686357017,0.961783919076105,"{'colsample_bytree': 0.8, 'gamma': 1.5, 'max_depth': 5, 'min_child_weight': 15, 'subsample': 0.8, 'use_label_encoder': False}"
212,0.9843397369359683,0.9589149219009638,"{'colsample_bytree': 0.8, 'gamma': 1.5, 'max_depth': 5, 'min_child_weight': 15, 'subsample': 1.0, 'use_label_encoder': False}"
213,0.9765163589710953,0.9588603979727485,"{'colsample_bytree': 0.8, 'gamma': 1.5, 'max_depth': 5, 'min_child_weight': 30, 'subsample': 0.6, 'use_label_encoder': False}"
214,0.9797949296507239,0.9589850240943835,"{'colsample_bytree': 0.8, 'gamma': 1.5, 'max_depth': 5, 'min_child_weight': 30, 'subsample': 0.8, 'use_label_encoder': False}"
215,0.9863177308380696,0.9577621302758392,"{'colsample_bytree': 0.8, 'gamma': 1.5, 'max_depth': 5, 'min_child_weight': 30, 'subsample': 1.0, 'use_label_encoder': False}"
216,0.9878829558737947,0.9624459953472915,"{'colsample_bytree': 0.8, 'gamma': 2, 'max_depth': 3, 'min_child_weight': 5, 'subsample': 0.6, 'use_label_encoder': False}"
217,0.9885425161089747,0.9637389913592556,"{'colsample_bytree': 0.8, 'gamma': 2, 'max_depth': 3, 'min_child_weight': 5, 'subsample': 0.8, 'use_label_encoder': False}"
218,0.9892499236503511,0.9672259263875042,"{'colsample_bytree': 0.8, 'gamma': 2, 'max_depth': 3, 'min_child_weight': 5, 'subsample': 1.0, 'use_label_encoder': False}"
219,0.9786090490473809,0.9602390744433367,"{'colsample_bytree': 0.8, 'gamma': 2, 'max_depth': 3, 'min_child_weight': 15, 'subsample': 0.6, 'use_label_encoder': False}"
220,0.9776912507194268,0.9606493020937189,"{'colsample_bytree': 0.8, 'gamma': 2, 'max_depth': 3, 'min_child_weight': 15, 'subsample': 0.8, 'use_label_encoder': False}"
221,0.985958303705396,0.9624797482552343,"{'colsample_bytree': 0.8, 'gamma': 2, 'max_depth': 3, 'min_child_weight': 15, 'subsample': 1.0, 'use_label_encoder': False}"
222,0.974211675566876,0.9591382103688934,"{'colsample_bytree': 0.8, 'gamma': 2, 'max_depth': 3, 'min_child_weight': 30, 'subsample': 0.6, 'use_label_encoder': False}"
223,0.9792104599247903,0.957196119973413,"{'colsample_bytree': 0.8, 'gamma': 2, 'max_depth': 3, 'min_child_weight': 30, 'subsample': 0.8, 'use_label_encoder': False}"
224,0.9778036575488168,0.9568092597208375,"{'colsample_bytree': 0.8, 'gamma': 2, 'max_depth': 3, 'min_child_weight': 30, 'subsample': 1.0, 'use_label_encoder': False}"
225,0.9934632338094103,0.9625290794283816,"{'colsample_bytree': 0.8, 'gamma': 2, 'max_depth': 4, 'min_child_weight': 5, 'subsample': 0.6, 'use_label_encoder': False}"
226,0.9903586533341331,0.9653305707876371,"{'colsample_bytree': 0.8, 'gamma': 2, 'max_depth': 4, 'min_child_weight': 5, 'subsample': 0.8, 'use_label_encoder': False}"
227,0.988004291147882,0.9649956380857428,"{'colsample_bytree': 0.8, 'gamma': 2, 'max_depth': 4, 'min_child_weight': 5, 'subsample': 1.0, 'use_label_encoder': False}"
228,0.980047444381513,0.9591797524094384,"{'colsample_bytree': 0.8, 'gamma': 2, 'max_depth': 4, 'min_child_weight': 15, 'subsample': 0.6, 'use_label_encoder': False}"
229,0.9867664424177128,0.9634066550348953,"{'colsample_bytree': 0.8, 'gamma': 2, 'max_depth': 4, 'min_child_weight': 15, 'subsample': 0.8, 'use_label_encoder': False}"
230,0.9885672410327508,0.9629211324360253,"{'colsample_bytree': 0.8, 'gamma': 2, 'max_depth': 4, 'min_child_weight': 15, 'subsample': 1.0, 'use_label_encoder': False}"
231,0.9763206199911997,0.9579282984380194,"{'colsample_bytree': 0.8, 'gamma': 2, 'max_depth': 4, 'min_child_weight': 30, 'subsample': 0.6, 'use_label_encoder': False}"
232,0.9778709642857633,0.9568430126287802,"{'colsample_bytree': 0.8, 'gamma': 2, 'max_depth': 4, 'min_child_weight': 30, 'subsample': 0.8, 'use_label_encoder': False}"
233,0.9824732341253398,0.9569338858424725,"{'colsample_bytree': 0.8, 'gamma': 2, 'max_depth': 4, 'min_child_weight': 30, 'subsample': 1.0, 'use_label_encoder': False}"
234,0.987839458322707,0.9631158607510801,"{'colsample_bytree': 0.8, 'gamma': 2, 'max_depth': 5, 'min_child_weight': 5, 'subsample': 0.6, 'use_label_encoder': False}"
235,0.9938950042375772,0.966698861748089,"{'colsample_bytree': 0.8, 'gamma': 2, 'max_depth': 5, 'min_child_weight': 5, 'subsample': 0.8, 'use_label_encoder': False}"
236,0.9949089550468835,0.9659588941508808,"{'colsample_bytree': 0.8, 'gamma': 2, 'max_depth': 5, 'min_child_weight': 5, 'subsample': 1.0, 'use_label_encoder': False}"
237,0.9829567437458535,0.9575284562977733,"{'colsample_bytree': 0.8, 'gamma': 2, 'max_depth': 5, 'min_child_weight': 15, 'subsample': 0.6, 'use_label_encoder': False}"
238,0.9884630758446195,0.9608622050515122,"{'colsample_bytree': 0.8, 'gamma': 2, 'max_depth': 5, 'min_child_weight': 15, 'subsample': 0.8, 'use_label_encoder': False}"
239,0.9918803808187703,0.9589980059820539,"{'colsample_bytree': 0.8, 'gamma': 2, 'max_depth': 5, 'min_child_weight': 15, 'subsample': 1.0, 'use_label_encoder': False}"
240,0.977027340729138,0.9569364822200066,"{'colsample_bytree': 0.8, 'gamma': 2, 'max_depth': 5, 'min_child_weight': 30, 'subsample': 0.6, 'use_label_encoder': False}"
241,0.9830941044334994,0.9591330176138252,"{'colsample_bytree': 0.8, 'gamma': 2, 'max_depth': 5, 'min_child_weight': 30, 'subsample': 0.8, 'use_label_encoder': False}"
242,0.9839283416764689,0.9574401794616152,"{'colsample_bytree': 0.8, 'gamma': 2, 'max_depth': 5, 'min_child_weight': 30, 'subsample': 1.0, 'use_label_encoder': False}"
243,0.9835927237296541,0.96424009222333,"{'colsample_bytree': 0.8, 'gamma': 5, 'max_depth': 3, 'min_child_weight': 5, 'subsample': 0.6, 'use_label_encoder': False}"
244,0.9806559522277843,0.9625212902957794,"{'colsample_bytree': 0.8, 'gamma': 5, 'max_depth': 3, 'min_child_weight': 5, 'subsample': 0.8, 'use_label_encoder': False}"
245,0.9809653571767069,0.9629652708541044,"{'colsample_bytree': 0.8, 'gamma': 5, 'max_depth': 3, 'min_child_weight': 5, 'subsample': 1.0, 'use_label_encoder': False}"
246,0.9768270230596543,0.9602754237288135,"{'colsample_bytree': 0.8, 'gamma': 5, 'max_depth': 3, 'min_child_weight': 15, 'subsample': 0.6, 'use_label_encoder': False}"
247,0.978466193932229,0.9602935983715519,"{'colsample_bytree': 0.8, 'gamma': 5, 'max_depth': 3, 'min_child_weight': 15, 'subsample': 0.8, 'use_label_encoder': False}"
248,0.9786127119990513,0.957396041043536,"{'colsample_bytree': 0.8, 'gamma': 5, 'max_depth': 3, 'min_child_weight': 15, 'subsample': 1.0, 'use_label_encoder': False}"
249,0.9705620020961241,0.9591044574609505,"{'colsample_bytree': 0.8, 'gamma': 5, 'max_depth': 3, 'min_child_weight': 30, 'subsample': 0.6, 'use_label_encoder': False}"
250,0.9744358024222184,0.9576790461947491,"{'colsample_bytree': 0.8, 'gamma': 5, 'max_depth': 3, 'min_child_weight': 30, 'subsample': 0.8, 'use_label_encoder': False}"
251,0.9714475206624815,0.9549632352941178,"{'colsample_bytree': 0.8, 'gamma': 5, 'max_depth': 3, 'min_child_weight': 30, 'subsample': 1.0, 'use_label_encoder': False}"
252,0.9806925817444899,0.9627290004985046,"{'colsample_bytree': 0.8, 'gamma': 5, 'max_depth': 4, 'min_child_weight': 5, 'subsample': 0.6, 'use_label_encoder': False}"
253,0.9875271916927918,0.9643024052841477,"{'colsample_bytree': 0.8, 'gamma': 5, 'max_depth': 4, 'min_child_weight': 5, 'subsample': 0.8, 'use_label_encoder': False}"
254,0.9856664122441485,0.9644140495181124,"{'colsample_bytree': 0.8, 'gamma': 5, 'max_depth': 4, 'min_child_weight': 5, 'subsample': 1.0, 'use_label_encoder': False}"
255,0.9795300524580466,0.9601533939847126,"{'colsample_bytree': 0.8, 'gamma': 5, 'max_depth': 4, 'min_child_weight': 15, 'subsample': 0.6, 'use_label_encoder': False}"
256,0.9811472456205979,0.9618410393818544,"{'colsample_bytree': 0.8, 'gamma': 5, 'max_depth': 4, 'min_child_weight': 15, 'subsample': 0.8, 'use_label_encoder': False}"
257,0.9809716528748904,0.9595588235294118,"{'colsample_bytree': 0.8, 'gamma': 5, 'max_depth': 4, 'min_child_weight': 15, 'subsample': 1.0, 'use_label_encoder': False}"
258,0.9717330019583055,0.9570195663010967,"{'colsample_bytree': 0.8, 'gamma': 5, 'max_depth': 4, 'min_child_weight': 30, 'subsample': 0.6, 'use_label_encoder': False}"
259,0.9738433199895057,0.9558174435028248,"{'colsample_bytree': 0.8, 'gamma': 5, 'max_depth': 4, 'min_child_weight': 30, 'subsample': 0.8, 'use_label_encoder': False}"
260,0.974624902302211,0.9549943918245264,"{'colsample_bytree': 0.8, 'gamma': 5, 'max_depth': 4, 'min_child_weight': 30, 'subsample': 1.0, 'use_label_encoder': False}"
261,0.9839995402995653,0.9605921817879693,"{'colsample_bytree': 0.8, 'gamma': 5, 'max_depth': 5, 'min_child_weight': 5, 'subsample': 0.6, 'use_label_encoder': False}"
262,0.9873538882918786,0.965120264207378,"{'colsample_bytree': 0.8, 'gamma': 5, 'max_depth': 5, 'min_child_weight': 5, 'subsample': 0.8, 'use_label_encoder': False}"
263,0.9882813018679681,0.9632898180458624,"{'colsample_bytree': 0.8, 'gamma': 5, 'max_depth': 5, 'min_child_weight': 5, 'subsample': 1.0, 'use_label_encoder': False}"
264,0.977264745784286,0.9596107510800931,"{'colsample_bytree': 0.8, 'gamma': 5, 'max_depth': 5, 'min_child_weight': 15, 'subsample': 0.6, 'use_label_encoder': False}"
265,0.9849226041205459,0.9617449734130941,"{'colsample_bytree': 0.8, 'gamma': 5, 'max_depth': 5, 'min_child_weight': 15, 'subsample': 0.8, 'use_label_encoder': False}"
266,0.9841142364737497,0.96085441591891,"{'colsample_bytree': 0.8, 'gamma': 5, 'max_depth': 5, 'min_child_weight': 15, 'subsample': 1.0, 'use_label_encoder': False}"
267,0.9725363330465547,0.9542258640744434,"{'colsample_bytree': 0.8, 'gamma': 5, 'max_depth': 5, 'min_child_weight': 30, 'subsample': 0.6, 'use_label_encoder': False}"
268,0.9770495473736406,0.9576401005317381,"{'colsample_bytree': 0.8, 'gamma': 5, 'max_depth': 5, 'min_child_weight': 30, 'subsample': 0.8, 'use_label_encoder': False}"
269,0.9767997798566047,0.9563756646726487,"{'colsample_bytree': 0.8, 'gamma': 5, 'max_depth': 5, 'min_child_weight': 30, 'subsample': 1.0, 'use_label_encoder': False}"
270,0.9868115425101568,0.9654629860418744,"{'colsample_bytree': 1.0, 'gamma': 0.5, 'max_depth': 3, 'min_child_weight': 5, 'subsample': 0.6, 'use_label_encoder': False}"
271,0.9864099914332719,0.966613181289465,"{'colsample_bytree': 1.0, 'gamma': 0.5, 'max_depth': 3, 'min_child_weight': 5, 'subsample': 0.8, 'use_label_encoder': False}"
272,0.9917885780925271,0.9673064140910602,"{'colsample_bytree': 1.0, 'gamma': 0.5, 'max_depth': 3, 'min_child_weight': 5, 'subsample': 1.0, 'use_label_encoder': False}"
273,0.9801678639176823,0.9602390744433368,"{'colsample_bytree': 1.0, 'gamma': 0.5, 'max_depth': 3, 'min_child_weight': 15, 'subsample': 0.6, 'use_label_encoder': False}"
274,0.9868853738797664,0.9600183823529411,"{'colsample_bytree': 1.0, 'gamma': 0.5, 'max_depth': 3, 'min_child_weight': 15, 'subsample': 0.8, 'use_label_encoder': False}"
275,0.9867948302931597,0.9625212902957793,"{'colsample_bytree': 1.0, 'gamma': 0.5, 'max_depth': 3, 'min_child_weight': 15, 'subsample': 1.0, 'use_label_encoder': False}"
276,0.9746825937910223,0.9550359338650715,"{'colsample_bytree': 1.0, 'gamma': 0.5, 'max_depth': 3, 'min_child_weight': 30, 'subsample': 0.6, 'use_label_encoder': False}"
277,0.9751325645103023,0.9576686606846129,"{'colsample_bytree': 1.0, 'gamma': 0.5, 'max_depth': 3, 'min_child_weight': 30, 'subsample': 0.8, 'use_label_encoder': False}"
278,0.9809480726235115,0.9565574111000332,"{'colsample_bytree': 1.0, 'gamma': 0.5, 'max_depth': 3, 'min_child_weight': 30, 'subsample': 1.0, 'use_label_encoder': False}"
279,0.9916324447775695,0.9643932784978398,"{'colsample_bytree': 1.0, 'gamma': 0.5, 'max_depth': 4, 'min_child_weight': 5, 'subsample': 0.6, 'use_label_encoder': False}"
280,0.9940596081282729,0.9656161723163842,"{'colsample_bytree': 1.0, 'gamma': 0.5, 'max_depth': 4, 'min_child_weight': 5, 'subsample': 0.8, 'use_label_encoder': False}"
281,0.9926745545278433,0.9668390661349286,"{'colsample_bytree': 1.0, 'gamma': 0.5, 'max_depth': 4, 'min_child_weight': 5, 'subsample': 1.0, 'use_label_encoder': False}"
282,0.9851796975409232,0.9624408025922233,"{'colsample_bytree': 1.0, 'gamma': 0.5, 'max_depth': 4, 'min_child_weight': 15, 'subsample': 0.6, 'use_label_encoder': False}"
283,0.9900047206289654,0.9602468635759389,"{'colsample_bytree': 1.0, 'gamma': 0.5, 'max_depth': 4, 'min_child_weight': 15, 'subsample': 0.8, 'use_label_encoder': False}"
284,0.9889983246574796,0.9628172773346626,"{'colsample_bytree': 1.0, 'gamma': 0.5, 'max_depth': 4, 'min_child_weight': 15, 'subsample': 1.0, 'use_label_encoder': False}"
285,0.9753524560777754,0.9579776296111664,"{'colsample_bytree': 1.0, 'gamma': 0.5, 'max_depth': 4, 'min_child_weight': 30, 'subsample': 0.6, 'use_label_encoder': False}"
286,0.976561459063539,0.9570247590561648,"{'colsample_bytree': 1.0, 'gamma': 0.5, 'max_depth': 4, 'min_child_weight': 30, 'subsample': 0.8, 'use_label_encoder': False}"
287,0.9863488659272693,0.9593381314390163,"{'colsample_bytree': 1.0, 'gamma': 0.5, 'max_depth': 4, 'min_child_weight': 30, 'subsample': 1.0, 'use_label_encoder': False}"
288,0.9916019964918079,0.9623135800930542,"{'colsample_bytree': 1.0, 'gamma': 0.5, 'max_depth': 5, 'min_child_weight': 5, 'subsample': 0.6, 'use_label_encoder': False}"
289,0.9980068964222577,0.9626874584579594,"{'colsample_bytree': 1.0, 'gamma': 0.5, 'max_depth': 5, 'min_child_weight': 5, 'subsample': 0.8, 'use_label_encoder': False}"
290,0.9959970806275186,0.9650917040545032,"{'colsample_bytree': 1.0, 'gamma': 0.5, 'max_depth': 5, 'min_child_weight': 5, 'subsample': 1.0, 'use_label_encoder': False}"
291,0.9839878646411154,0.9605558325024925,"{'colsample_bytree': 1.0, 'gamma': 0.5, 'max_depth': 5, 'min_child_weight': 15, 'subsample': 0.6, 'use_label_encoder': False}"
292,0.9850192144708569,0.9594783358258557,"{'colsample_bytree': 1.0, 'gamma': 0.5, 'max_depth': 5, 'min_child_weight': 15, 'subsample': 0.8, 'use_label_encoder': False}"
293,0.9912498952624758,0.9605013085742771,"{'colsample_bytree': 1.0, 'gamma': 0.5, 'max_depth': 5, 'min_child_weight': 15, 'subsample': 1.0, 'use_label_encoder': False}"
294,0.9761559016332644,0.9573830591558657,"{'colsample_bytree': 1.0, 'gamma': 0.5, 'max_depth': 5, 'min_child_weight': 30, 'subsample': 0.6, 'use_label_encoder': False}"
295,0.9836092070121715,0.956266616816218,"{'colsample_bytree': 1.0, 'gamma': 0.5, 'max_depth': 5, 'min_child_weight': 30, 'subsample': 0.8, 'use_label_encoder': False}"
296,0.986142595961321,0.9569884097706879,"{'colsample_bytree': 1.0, 'gamma': 0.5, 'max_depth': 5, 'min_child_weight': 30, 'subsample': 1.0, 'use_label_encoder': False}"
297,0.9873863969879549,0.9650423728813561,"{'colsample_bytree': 1.0, 'gamma': 1, 'max_depth': 3, 'min_child_weight': 5, 'subsample': 0.6, 'use_label_encoder': False}"
298,0.9864099914332719,0.966613181289465,"{'colsample_bytree': 1.0, 'gamma': 1, 'max_depth': 3, 'min_child_weight': 5, 'subsample': 0.8, 'use_label_encoder': False}"
299,0.9894327278321599,0.9651358424725821,"{'colsample_bytree': 1.0, 'gamma': 1, 'max_depth': 3, 'min_child_weight': 5, 'subsample': 1.0, 'use_label_encoder': False}"
300,0.9831895701114133,0.9606908441342639,"{'colsample_bytree': 1.0, 'gamma': 1, 'max_depth': 3, 'min_child_weight': 15, 'subsample': 0.6, 'use_label_encoder': False}"
301,0.9797933271093681,0.9585955674642739,"{'colsample_bytree': 1.0, 'gamma': 1, 'max_depth': 3, 'min_child_weight': 15, 'subsample': 0.8, 'use_label_encoder': False}"
302,0.9861144370203536,0.9629211324360252,"{'colsample_bytree': 1.0, 'gamma': 1, 'max_depth': 3, 'min_child_weight': 15, 'subsample': 1.0, 'use_label_encoder': False}"
303,0.9758835840700064,0.9547425432037222,"{'colsample_bytree': 1.0, 'gamma': 1, 'max_depth': 3, 'min_child_weight': 30, 'subsample': 0.6, 'use_label_encoder': False}"
304,0.977290729847699,0.9585410435360584,"{'colsample_bytree': 1.0, 'gamma': 1, 'max_depth': 3, 'min_child_weight': 30, 'subsample': 0.8, 'use_label_encoder': False}"
305,0.9815252164461035,0.956744350282486,"{'colsample_bytree': 1.0, 'gamma': 1, 'max_depth': 3, 'min_child_weight': 30, 'subsample': 1.0, 'use_label_encoder': False}"
306,0.989999455135939,0.9654266367563974,"{'colsample_bytree': 1.0, 'gamma': 1, 'max_depth': 4, 'min_child_weight': 5, 'subsample': 0.6, 'use_label_encoder': False}"
307,0.9943670671341203,0.9673427633765371,"{'colsample_bytree': 1.0, 'gamma': 1, 'max_depth': 4, 'min_child_weight': 5, 'subsample': 0.8, 'use_label_encoder': False}"
308,0.9924376073416542,0.9672233300099701,"{'colsample_bytree': 1.0, 'gamma': 1, 'max_depth': 4, 'min_child_weight': 5, 'subsample': 1.0, 'use_label_encoder': False}"
309,0.9817662844529221,0.9619552799933534,"{'colsample_bytree': 1.0, 'gamma': 1, 'max_depth': 4, 'min_child_weight': 15, 'subsample': 0.6, 'use_label_encoder': False}"
310,0.9816055724483763,0.9580607136922566,"{'colsample_bytree': 1.0, 'gamma': 1, 'max_depth': 4, 'min_child_weight': 15, 'subsample': 0.8, 'use_label_encoder': False}"
311,0.9869026584329619,0.9624018569292123,"{'colsample_bytree': 1.0, 'gamma': 1, 'max_depth': 4, 'min_child_weight': 15, 'subsample': 1.0, 'use_label_encoder': False}"
312,0.9756654095111286,0.956508079926886,"{'colsample_bytree': 1.0, 'gamma': 1, 'max_depth': 4, 'min_child_weight': 30, 'subsample': 0.6, 'use_label_encoder': False}"
313,0.9824013486988051,0.9584138210368894,"{'colsample_bytree': 1.0, 'gamma': 1, 'max_depth': 4, 'min_child_weight': 30, 'subsample': 0.8, 'use_label_encoder': False}"
314,0.9837967043508082,0.9598470214356929,"{'colsample_bytree': 1.0, 'gamma': 1, 'max_depth': 4, 'min_child_weight': 30, 'subsample': 1.0, 'use_label_encoder': False}"
315,0.9894133828686497,0.9622071286141575,"{'colsample_bytree': 1.0, 'gamma': 1, 'max_depth': 5, 'min_child_weight': 5, 'subsample': 0.6, 'use_label_encoder': False}"
316,0.9924708028411685,0.9648320663010967,"{'colsample_bytree': 1.0, 'gamma': 1, 'max_depth': 5, 'min_child_weight': 5, 'subsample': 0.8, 'use_label_encoder': False}"
317,0.99455731168651,0.9644997299767364,"{'colsample_bytree': 1.0, 'gamma': 1, 'max_depth': 5, 'min_child_weight': 5, 'subsample': 1.0, 'use_label_encoder': False}"
318,0.9849111573965753,0.9592368727151878,"{'colsample_bytree': 1.0, 'gamma': 1, 'max_depth': 5, 'min_child_weight': 15, 'subsample': 0.6, 'use_label_encoder': False}"
319,0.9839568440191554,0.960857012296444,"{'colsample_bytree': 1.0, 'gamma': 1, 'max_depth': 5, 'min_child_weight': 15, 'subsample': 0.8, 'use_label_encoder': False}"
320,0.9941184442894813,0.9616982386174809,"{'colsample_bytree': 1.0, 'gamma': 1, 'max_depth': 5, 'min_child_weight': 15, 'subsample': 1.0, 'use_label_encoder': False}"
321,0.9757432472341281,0.957637504154204,"{'colsample_bytree': 1.0, 'gamma': 1, 'max_depth': 5, 'min_child_weight': 30, 'subsample': 0.6, 'use_label_encoder': False}"
322,0.983755267210035,0.9581463941508807,"{'colsample_bytree': 1.0, 'gamma': 1, 'max_depth': 5, 'min_child_weight': 30, 'subsample': 0.8, 'use_label_encoder': False}"
323,0.9881574483146073,0.9565911640079761,"{'colsample_bytree': 1.0, 'gamma': 1, 'max_depth': 5, 'min_child_weight': 30, 'subsample': 1.0, 'use_label_encoder': False}"
324,0.9873554908332346,0.9647801387504154,"{'colsample_bytree': 1.0, 'gamma': 1.5, 'max_depth': 3, 'min_child_weight': 5, 'subsample': 0.6, 'use_label_encoder': False}"
325,0.9909998988109601,0.9654603896643403,"{'colsample_bytree': 1.0, 'gamma': 1.5, 'max_depth': 3, 'min_child_weight': 5, 'subsample': 0.8, 'use_label_encoder': False}"
326,0.9880972385465224,0.9647100365569955,"{'colsample_bytree': 1.0, 'gamma': 1.5, 'max_depth': 3, 'min_child_weight': 5, 'subsample': 1.0, 'use_label_encoder': False}"
327,0.9831776655184838,0.9633469383516118,"{'colsample_bytree': 1.0, 'gamma': 1.5, 'max_depth': 3, 'min_child_weight': 15, 'subsample': 0.6, 'use_label_encoder': False}"
328,0.9864218960262012,0.9611322283150548,"{'colsample_bytree': 1.0, 'gamma': 1.5, 'max_depth': 3, 'min_child_weight': 15, 'subsample': 0.8, 'use_label_encoder': False}"
329,0.9846492563521304,0.963191155699568,"{'colsample_bytree': 1.0, 'gamma': 1.5, 'max_depth': 3, 'min_child_weight': 15, 'subsample': 1.0, 'use_label_encoder': False}"
330,0.9715024649375398,0.9545478148886674,"{'colsample_bytree': 1.0, 'gamma': 1.5, 'max_depth': 3, 'min_child_weight': 30, 'subsample': 0.6, 'use_label_encoder': False}"
331,0.9796413146150398,0.958959060319043,"{'colsample_bytree': 1.0, 'gamma': 1.5, 'max_depth': 3, 'min_child_weight': 30, 'subsample': 0.8, 'use_label_encoder': False}"
332,0.9777075050674646,0.9564068212030575,"{'colsample_bytree': 1.0, 'gamma': 1.5, 'max_depth': 3, 'min_child_weight': 30, 'subsample': 1.0, 'use_label_encoder': False}"
333,0.9930207034607108,0.965208541043536,"{'colsample_bytree': 1.0, 'gamma': 1.5, 'max_depth': 4, 'min_child_weight': 5, 'subsample': 0.6, 'use_label_encoder': False}"
334,0.9888291420771957,0.9643491400797607,"{'colsample_bytree': 1.0, 'gamma': 1.5, 'max_depth': 4, 'min_child_weight': 5, 'subsample': 0.8, 'use_label_encoder': False}"
335,0.9937551252706577,0.9672077517447657,"{'colsample_bytree': 1.0, 'gamma': 1.5, 'max_depth': 4, 'min_child_weight': 5, 'subsample': 1.0, 'use_label_encoder': False}"
336,0.9861506086681004,0.9607557535726154,"{'colsample_bytree': 1.0, 'gamma': 1.5, 'max_depth': 4, 'min_child_weight': 15, 'subsample': 0.6, 'use_label_encoder': False}"
337,0.9903948249818799,0.9594497756729811,"{'colsample_bytree': 1.0, 'gamma': 1.5, 'max_depth': 4, 'min_child_weight': 15, 'subsample': 0.8, 'use_label_encoder': False}"
338,0.9795026947877572,0.9629652708541044,"{'colsample_bytree': 1.0, 'gamma': 1.5, 'max_depth': 4, 'min_child_weight': 15, 'subsample': 1.0, 'use_label_encoder': False}"
339,0.975813072250348,0.9605869890329013,"{'colsample_bytree': 1.0, 'gamma': 1.5, 'max_depth': 4, 'min_child_weight': 30, 'subsample': 0.6, 'use_label_encoder': False}"
340,0.9837900652509053,0.95771799185776,"{'colsample_bytree': 1.0, 'gamma': 1.5, 'max_depth': 4, 'min_child_weight': 30, 'subsample': 0.8, 'use_label_encoder': False}"
341,0.9848999396070843,0.9570143735460286,"{'colsample_bytree': 1.0, 'gamma': 1.5, 'max_depth': 4, 'min_child_weight': 30, 'subsample': 1.0, 'use_label_encoder': False}"
342,0.9884564367447165,0.962627741774676,"{'colsample_bytree': 1.0, 'gamma': 1.5, 'max_depth': 5, 'min_child_weight': 5, 'subsample': 0.6, 'use_label_encoder': False}"
343,0.9981188453826891,0.9645724285476902,"{'colsample_bytree': 1.0, 'gamma': 1.5, 'max_depth': 5, 'min_child_weight': 5, 'subsample': 0.8, 'use_label_encoder': False}"
344,0.9928773904766003,0.9666157776669989,"{'colsample_bytree': 1.0, 'gamma': 1.5, 'max_depth': 5, 'min_child_weight': 5, 'subsample': 1.0, 'use_label_encoder': False}"
345,0.985291875435834,0.9607998919906945,"{'colsample_bytree': 1.0, 'gamma': 1.5, 'max_depth': 5, 'min_child_weight': 15, 'subsample': 0.6, 'use_label_encoder': False}"
346,0.9853227815905542,0.9607739282153539,"{'colsample_bytree': 1.0, 'gamma': 1.5, 'max_depth': 5, 'min_child_weight': 15, 'subsample': 0.8, 'use_label_encoder': False}"
347,0.9912247124697405,0.9609219217347956,"{'colsample_bytree': 1.0, 'gamma': 1.5, 'max_depth': 5, 'min_child_weight': 15, 'subsample': 1.0, 'use_label_encoder': False}"
348,0.9761779938105275,0.9580892738451313,"{'colsample_bytree': 1.0, 'gamma': 1.5, 'max_depth': 5, 'min_child_weight': 30, 'subsample': 0.6, 'use_label_encoder': False}"
349,0.9774183608199701,0.9564353813559321,"{'colsample_bytree': 1.0, 'gamma': 1.5, 'max_depth': 5, 'min_child_weight': 30, 'subsample': 0.8, 'use_label_encoder': False}"
350,0.9869523372149938,0.9573441134928549,"{'colsample_bytree': 1.0, 'gamma': 1.5, 'max_depth': 5, 'min_child_weight': 30, 'subsample': 1.0, 'use_label_encoder': False}"
351,0.9884280488692698,0.9675245098039216,"{'colsample_bytree': 1.0, 'gamma': 2, 'max_depth': 3, 'min_child_weight': 5, 'subsample': 0.6, 'use_label_encoder': False}"
352,0.9889612372718152,0.9658134970089731,"{'colsample_bytree': 1.0, 'gamma': 2, 'max_depth': 3, 'min_child_weight': 5, 'subsample': 0.8, 'use_label_encoder': False}"
353,0.9879768190103528,0.964193357427717,"{'colsample_bytree': 1.0, 'gamma': 2, 'max_depth': 3, 'min_child_weight': 5, 'subsample': 1.0, 'use_label_encoder': False}"
354,0.9808798501486471,0.9628172773346627,"{'colsample_bytree': 1.0, 'gamma': 2, 'max_depth': 3, 'min_child_weight': 15, 'subsample': 0.6, 'use_label_encoder': False}"
355,0.9861702970333297,0.9613555167829844,"{'colsample_bytree': 1.0, 'gamma': 2, 'max_depth': 3, 'min_child_weight': 15, 'subsample': 0.8, 'use_label_encoder': False}"
356,0.9806806771515606,0.9595873836822865,"{'colsample_bytree': 1.0, 'gamma': 2, 'max_depth': 3, 'min_child_weight': 15, 'subsample': 1.0, 'use_label_encoder': False}"
357,0.9751873943181208,0.9570351445663011,"{'colsample_bytree': 1.0, 'gamma': 2, 'max_depth': 3, 'min_child_weight': 30, 'subsample': 0.6, 'use_label_encoder': False}"
358,0.9792450290311814,0.9583255442007312,"{'colsample_bytree': 1.0, 'gamma': 2, 'max_depth': 3, 'min_child_weight': 30, 'subsample': 0.8, 'use_label_encoder': False}"
359,0.9768528926558278,0.9543349119308742,"{'colsample_bytree': 1.0, 'gamma': 2, 'max_depth': 3, 'min_child_weight': 30, 'subsample': 1.0, 'use_label_encoder': False}"
360,0.992944697213547,0.9660757311399135,"{'colsample_bytree': 1.0, 'gamma': 2, 'max_depth': 4, 'min_child_weight': 5, 'subsample': 0.6, 'use_label_encoder': False}"
361,0.9911214630195267,0.9634819499833832,"{'colsample_bytree': 1.0, 'gamma': 2, 'max_depth': 4, 'min_child_weight': 5, 'subsample': 0.8, 'use_label_encoder': False}"
362,0.992281245092217,0.9657044491525424,"{'colsample_bytree': 1.0, 'gamma': 2, 'max_depth': 4, 'min_child_weight': 5, 'subsample': 1.0, 'use_label_encoder': False}"
363,0.9857195250433715,0.9599171236291126,"{'colsample_bytree': 1.0, 'gamma': 2, 'max_depth': 4, 'min_child_weight': 15, 'subsample': 0.6, 'use_label_encoder': False}"
364,0.9800481311849512,0.9606467057161848,"{'colsample_bytree': 1.0, 'gamma': 2, 'max_depth': 4, 'min_child_weight': 15, 'subsample': 0.8, 'use_label_encoder': False}"
365,0.9862188311429646,0.9617397806580259,"{'colsample_bytree': 1.0, 'gamma': 2, 'max_depth': 4, 'min_child_weight': 15, 'subsample': 1.0, 'use_label_encoder': False}"
366,0.9753428408296402,0.9580087861415753,"{'colsample_bytree': 1.0, 'gamma': 2, 'max_depth': 4, 'min_child_weight': 30, 'subsample': 0.6, 'use_label_encoder': False}"
367,0.9826076186647534,0.9586319167497508,"{'colsample_bytree': 1.0, 'gamma': 2, 'max_depth': 4, 'min_child_weight': 30, 'subsample': 0.8, 'use_label_encoder': False}"
368,0.9804000034798043,0.9578452143569293,"{'colsample_bytree': 1.0, 'gamma': 2, 'max_depth': 4, 'min_child_weight': 30, 'subsample': 1.0, 'use_label_encoder': False}"
369,0.9918865620497144,0.964359525589897,"{'colsample_bytree': 1.0, 'gamma': 2, 'max_depth': 5, 'min_child_weight': 5, 'subsample': 0.6, 'use_label_encoder': False}"
370,0.9943711879547497,0.9644503988035892,"{'colsample_bytree': 1.0, 'gamma': 2, 'max_depth': 5, 'min_child_weight': 5, 'subsample': 0.8, 'use_label_encoder': False}"
371,0.9943011340040504,0.9654110584911931,"{'colsample_bytree': 1.0, 'gamma': 2, 'max_depth': 5, 'min_child_weight': 5, 'subsample': 1.0, 'use_label_encoder': False}"
372,0.9866341182886139,0.9581749543037554,"{'colsample_bytree': 1.0, 'gamma': 2, 'max_depth': 5, 'min_child_weight': 15, 'subsample': 0.6, 'use_label_encoder': False}"
373,0.9880276424647818,0.9618046900963775,"{'colsample_bytree': 1.0, 'gamma': 2, 'max_depth': 5, 'min_child_weight': 15, 'subsample': 0.8, 'use_label_encoder': False}"
374,0.9845660386688652,0.9615424559654371,"{'colsample_bytree': 1.0, 'gamma': 2, 'max_depth': 5, 'min_child_weight': 15, 'subsample': 1.0, 'use_label_encoder': False}"
375,0.9769316461167448,0.956957253240279,"{'colsample_bytree': 1.0, 'gamma': 2, 'max_depth': 5, 'min_child_weight': 30, 'subsample': 0.6, 'use_label_encoder': False}"
376,0.9827843560828577,0.9562770023263543,"{'colsample_bytree': 1.0, 'gamma': 2, 'max_depth': 5, 'min_child_weight': 30, 'subsample': 0.8, 'use_label_encoder': False}"
377,0.9781262262303052,0.958116535809239,"{'colsample_bytree': 1.0, 'gamma': 2, 'max_depth': 5, 'min_child_weight': 30, 'subsample': 1.0, 'use_label_encoder': False}"
378,0.9848530080388054,0.9643777002326355,"{'colsample_bytree': 1.0, 'gamma': 5, 'max_depth': 3, 'min_child_weight': 5, 'subsample': 0.6, 'use_label_encoder': False}"
379,0.9860592638108159,0.9638532319707545,"{'colsample_bytree': 1.0, 'gamma': 5, 'max_depth': 3, 'min_child_weight': 5, 'subsample': 0.8, 'use_label_encoder': False}"
380,0.9777827100439508,0.9596587840644732,"{'colsample_bytree': 1.0, 'gamma': 5, 'max_depth': 3, 'min_child_weight': 5, 'subsample': 1.0, 'use_label_encoder': False}"
381,0.9780220610421738,0.9616515038218679,"{'colsample_bytree': 1.0, 'gamma': 5, 'max_depth': 3, 'min_child_weight': 15, 'subsample': 0.6, 'use_label_encoder': False}"
382,0.9785252590279169,0.9595795945496844,"{'colsample_bytree': 1.0, 'gamma': 5, 'max_depth': 3, 'min_child_weight': 15, 'subsample': 0.8, 'use_label_encoder': False}"
383,0.975599361913819,0.9564509596211366,"{'colsample_bytree': 1.0, 'gamma': 5, 'max_depth': 3, 'min_child_weight': 15, 'subsample': 1.0, 'use_label_encoder': False}"
384,0.9710885513987667,0.9551242107012297,"{'colsample_bytree': 1.0, 'gamma': 5, 'max_depth': 3, 'min_child_weight': 30, 'subsample': 0.6, 'use_label_encoder': False}"
385,0.9738387412999175,0.9561290088069128,"{'colsample_bytree': 1.0, 'gamma': 5, 'max_depth': 3, 'min_child_weight': 30, 'subsample': 0.8, 'use_label_encoder': False}"
386,0.9705868414871399,0.9554331796277834,"{'colsample_bytree': 1.0, 'gamma': 5, 'max_depth': 3, 'min_child_weight': 30, 'subsample': 1.0, 'use_label_encoder': False}"
387,0.9822202615255919,0.9633547274842141,"{'colsample_bytree': 1.0, 'gamma': 5, 'max_depth': 4, 'min_child_weight': 5, 'subsample': 0.6, 'use_label_encoder': False}"
388,0.9884875718339163,0.9632612578929877,"{'colsample_bytree': 1.0, 'gamma': 5, 'max_depth': 4, 'min_child_weight': 5, 'subsample': 0.8, 'use_label_encoder': False}"
389,0.9807590872107586,0.9633235709538053,"{'colsample_bytree': 1.0, 'gamma': 5, 'max_depth': 4, 'min_child_weight': 5, 'subsample': 1.0, 'use_label_encoder': False}"
390,0.9803114058362725,0.9589720422067132,"{'colsample_bytree': 1.0, 'gamma': 5, 'max_depth': 4, 'min_child_weight': 15, 'subsample': 0.6, 'use_label_encoder': False}"
391,0.9814828635674129,0.95875913924892,"{'colsample_bytree': 1.0, 'gamma': 5, 'max_depth': 4, 'min_child_weight': 15, 'subsample': 0.8, 'use_label_encoder': False}"
392,0.9780995553634542,0.9589123255234296,"{'colsample_bytree': 1.0, 'gamma': 5, 'max_depth': 4, 'min_child_weight': 15, 'subsample': 1.0, 'use_label_encoder': False}"
393,0.9739831989564249,0.9550541085078099,"{'colsample_bytree': 1.0, 'gamma': 5, 'max_depth': 4, 'min_child_weight': 30, 'subsample': 0.6, 'use_label_encoder': False}"
394,0.9763870109902286,0.9551060360584911,"{'colsample_bytree': 1.0, 'gamma': 5, 'max_depth': 4, 'min_child_weight': 30, 'subsample': 0.8, 'use_label_encoder': False}"
395,0.9730230477497801,0.9547607178464604,"{'colsample_bytree': 1.0, 'gamma': 5, 'max_depth': 4, 'min_child_weight': 30, 'subsample': 1.0, 'use_label_encoder': False}"
396,0.9871064101196365,0.960859608673978,"{'colsample_bytree': 1.0, 'gamma': 5, 'max_depth': 5, 'min_child_weight': 5, 'subsample': 0.6, 'use_label_encoder': False}"
397,0.9879965073755821,0.9656265578265204,"{'colsample_bytree': 1.0, 'gamma': 5, 'max_depth': 5, 'min_child_weight': 5, 'subsample': 0.8, 'use_label_encoder': False}"
398,0.986994461159205,0.9647126329345297,"{'colsample_bytree': 1.0, 'gamma': 5, 'max_depth': 5, 'min_child_weight': 5, 'subsample': 1.0, 'use_label_encoder': False}"
399,0.9827191097562259,0.9585358507809905,"{'colsample_bytree': 1.0, 'gamma': 5, 'max_depth': 5, 'min_child_weight': 15, 'subsample': 0.6, 'use_label_encoder': False}"
400,0.9851682508169527,0.9624070496842806,"{'colsample_bytree': 1.0, 'gamma': 5, 'max_depth': 5, 'min_child_weight': 15, 'subsample': 0.8, 'use_label_encoder': False}"
401,0.9806506867347579,0.9617047295613161,"{'colsample_bytree': 1.0, 'gamma': 5, 'max_depth': 5, 'min_child_weight': 15, 'subsample': 1.0, 'use_label_encoder': False}"
402,0.9726521738931362,0.958883765370555,"{'colsample_bytree': 1.0, 'gamma': 5, 'max_depth': 5, 'min_child_weight': 30, 'subsample': 0.6, 'use_label_encoder': False}"
403,0.9772036202782836,0.954610127949485,"{'colsample_bytree': 1.0, 'gamma': 5, 'max_depth': 5, 'min_child_weight': 30, 'subsample': 0.8, 'use_label_encoder': False}"
404,0.9739834278909045,0.9546958084081091,"{'colsample_bytree': 1.0, 'gamma': 5, 'max_depth': 5, 'min_child_weight': 30, 'subsample': 1.0, 'use_label_encoder': False}"
